municipio,count
7107,5496331
6001,2331080
9701,1395717
0255,1249418
4123,1104842
7535,1054291
9373,909105
1389,831853
3849,741926
8801,700251
2531,543079
0921,509875
9051,499981
6291,485409
0427,432942
6477,414484
9067,403716
8105,341587
1761,340242
0301,318423
6969,311796
1219,296838
5403,294270
2051,289790
7145,285877
0003,285340
5703,285283
7099,278319
7075,277717
2785,274294
5699,270821
5865,266159
9733,248466
7057,244240
5833,238752
0139,238468
5705,238018
5897,233092
7691,227653
7667,220560
4371,212192
6213,211541
6789,207839
9227,207275
8599,205885
3105,202869
8161,197584
7097,196431
8179,194955
0595,194030
3515,191754
5869,191507
5819,185455
4733,185283
0605,178938
8047,167331
6619,165995
0415,165908
5625,159890
7493,158980
7071,147344
6425,144353
6219,143466
9221,140900
6713,138102
2457,137727
0803,135549
7777,135098
8589,132077
6875,126193
7885,123453
2381,122531
0483,121315
8327,120033
4865,119423
5847,116432
8791,113774
8771,113772
9167,113761
4133,113403
8785,112628
3685,111948
7563,110868
5877,109986
0535,107606
8841,106824
6361,106537
5813,106043
1981,105450
7183,105323
6921,103374
1759,101551
6639,99393
3965,99222
8081,99168
5401,99167
2521,99140
0005,98649
6511,98011
2491,96760
9241,94587
5901,93381
8683,93159
7079,92801
9151,92740
6377,92216
6131,91867
1779,90955
7077,90000
3413,88234
8233,88233
7151,87343
9571,87294
6689,87172
6313,85990
5925,85874
2909,85549
9073,85455
6163,84971
7149,83242
4625,82541
8985,81859
6929,81795
8039,81745
4553,81593
8877,81171
2951,78793
7513,78681
2921,76896
6681,75509
0048,75428
5663,75356
7157,74510
4445,74374
1447,74086
6155,73782
5623,73776
7047,73623
6563,73593
8963,73070
6475,72599
6181,71900
5853,71801
8089,71044
0447,70857
3597,70733
6589,70587
1373,70500
2513,69889
5803,69656
3807,68340
5343,67920
5647,67001
7927,65020
7121,64651
8815,63755
0411,63280
5867,63104
5453,62949
7583,62606
0013,61761
6251,61519
8839,61284
5091,60153
5837,60151
6311,59786
6979,59354
1585,59170
5801,58942
1066,58805
8637,58285
5849,57957
5629,56813
9445,56464
7745,56410
0889,56332
2705,55849
8561,55791
5915,55783
8511,55437
6401,55081
8541,54833
1052,54787
5807,54609
7435,54558
1112,54482
3993,54297
0471,53935
6551,53837
0425,53232
5035,52782
0007,52421
3573,52361
5697,51840
3669,51444
3363,51186
6579,51020
6249,50896
9753,50717
8183,50586
7135,50497
9907,49951
4959,49707
5413,48938
8175,48931
7225,48607
0107,48600
5049,48595
9871,48594
0009,48565
5155,48488
8055,48460
5863,48345
6547,48326
0253,48164
7017,48103
9385,47942
6831,47424
3913,47397
4895,47159
3117,46130
1559,45811
8729,45511
5909,45472
9625,45240
7425,44605
8367,44549
6861,44224
9185,44216
6229,43618
9165,43363
6209,42826
9301,42395
8163,42192
9361,42138
7481,41866
8901,41791
6715,41721
0567,41666
9925,41439
9983,41411
0727,41379
5903,41111
0509,41040
1116,40599
1153,40377
7427,40087
5611,40076
7751,40048
8951,40044
1247,39908
2357,39838
8221,39650
7483,39514
7209,39454
9425,39355
5371,39097
7935,39022
3313,38997
6285,38959
5883,38860
6179,38744
6323,38413
0757,38269
6897,37600
0561,37206
9559,37044
8531,36792
4079,36783
8705,36540
8915,36224
5843,35970
7005,35826
0849,35791
6549,35760
6543,35624
6415,35492
0937,35475
7115,35357
4877,35269
6607,35235
8853,35228
9289,35212
9519,35175
3781,35167
5839,35093
7243,35079
7565,34697
6545,34688
6601,34603
6469,34576
7749,34239
4387,34238
8899,34000
2911,33809
7245,33779
4365,33756
4069,33725
4647,33378
6165,33142
7769,32930
4939,32884
7237,32689
4595,32662
4903,32543
8045,32478
7181,32380
8847,32275
2419,32255
3873,32188
9131,32067
7471,32037
8061,31936
8461,31928
0029,31903
8651,31876
1159,31809
7407,31806
8291,31704
0269,31698
8845,31484
0241,31482
0001,31432
7113,31273
6795,31266
9433,31159
9063,31155
6569,31041
6717,30838
0961,30703
6635,30556
5885,30481
5919,30432
0015,30274
4957,30087
4787,30071
0441,29902
5425,29900
8577,29893
5701,29788
4267,29770
3661,29684
4633,29611
0225,29575
0281,29397
8027,29363
8685,29162
1569,29121
0054,29082
7083,28806
2629,28800
6853,28751
6967,28712
9047,28691
4111,28480
6177,28391
6189,28208
8117,28124
0401,28065
6427,27897
3195,27863
6371,27834
8749,27813
6141,27779
3533,27749
8655,27683
5825,27546
6429,27523
1411,27507
1385,27484
6671,27460
0770,27364
0435,27259
7233,27175
4751,27100
9835,27015
9035,26837
8311,26790
0615,26727
4763,26385
2117,26338
5397,26260
5133,26141
0433,26069
9595,26066
8383,25744
8147,25620
8935,25414
6239,25376
8319,25299
9937,25227
9371,25188
6595,25114
4921,25091
6281,25069
0760,25057
3391,24805
2435,24771
1837,24617
5373,24452
5249,24389
0957,24336
6411,24326
7495,24295
6687,24290
4675,24231
0443,24189
6493,24056
1077,23991
9777,23944
6221,23773
4743,23718
0395,23687
5875,23588
3593,23582
1603,23532
8083,23433
1355,23390
3909,23358
3651,23272
6271,23032
7683,22947
0723,22936
5427,22847
9847,22821
5407,22818
8379,22814
0257,22812
2477,22789
3901,22768
7505,22652
0017,22600
8585,22541
4723,22403
2573,22398
0077,22327
4941,22261
6581,22221
8987,22196
4521,22138
6587,22064
6645,21959
6953,21946
8681,21941
3429,21941
6711,21929
5805,21829
1429,21800
2965,21782
4683,21720
2627,21528
6509,21505
0571,21496
6137,21436
8559,21433
8955,21399
4501,21334
8999,21289
6643,21235
6707,21040
6887,20992
8953,20984
8649,20958
0870,20939
4961,20900
9123,20894
6295,20889
9325,20846
3087,20826
6769,20817
0505,20752
0235,20749
8057,20706
6389,20634
8619,20614
0559,20594
7477,20593
0429,20562
2443,20532
4031,20460
2549,20453
8143,20450
6217,20415
0545,20314
4701,20300
8357,20207
1639,20173
9841,20168
8927,20105
7915,20100
8773,20096
3495,20080
4799,20047
9375,20032
0633,20006
7273,19952
7963,19941
8507,19913
1965,19889
2379,19887
3957,19833
7607,19808
2907,19784
6737,19729
6723,19675
8137,19633
6847,19593
9825,19528
6293,19516
4083,19494
0763,19457
9311,19447
2913,19381
7937,19371
1058,19327
1455,19263
8569,19242
9157,19224
0036,19220
8933,19192
1319,19184
0782,19150
4725,19023
9107,19010
0731,18983
8339,18971
6369,18943
9779,18908
6175,18907
5023,18871
9985,18871
6565,18737
5191,18709
8073,18705
6495,18705
7587,18699
5607,18663
6779,18643
2499,18640
5385,18635
2175,18592
6357,18586
3613,18561
4417,18546
6597,18385
2225,18346
9831,18310
5655,18302
8041,18274
0786,18256
1527,18165
6305,18146
7201,17979
8025,17971
9395,17965
1383,17920
1037,17803
7143,17727
0261,17713
7095,17685
8355,17560
6913,17532
9459,17513
8591,17506
1046,17477
3467,17439
4985,17397
5815,17388
9113,17372
5273,17369
9633,17365
6553,17337
7541,17323
7825,17292
7701,17250
5627,17202
6637,17187
5899,17091
1453,17059
3469,17052
0453,16985
5921,16899
6811,16864
3233,16860
7029,16833
6647,16800
1321,16781
6915,16755
6927,16754
8703,16735
0407,16734
5709,16724
8667,16707
5693,16690
3403,16674
2631,16661
2577,16635
0147,16622
8781,16595
2423,16582
4541,16580
8245,16545
7105,16495
9787,16438
7175,16428
8799,16427
9511,16422
0397,16413
0004,16354
8851,16339
6857,16264
0869,16260
5645,16229
5851,16213
0793,16210
5811,16146
1741,16111
0761,16100
5617,16045
5041,16029
0105,15993
2427,15975
4359,15934
3169,15899
6403,15858
4917,15839
1495,15821
0629,15763
4481,15659
7887,15629
3595,15625
8863,15597
2323,15563
0533,15546
6787,15538
9555,15510
1211,15506
9563,15496
3157,15477
8423,15466
8199,15454
3629,15434
4431,15412
3377,15379
8205,15307
8669,15286
7089,15277
5927,15274
6843,15264
1549,15210
1937,15207
3083,15162
9431,15162
7525,15129
5293,15119
8869,15110
7037,15103
0583,15026
1651,14989
9843,14947
9489,14930
5677,14914
6449,14886
9887,14846
5683,14797
1493,14771
1975,14761
1537,14728
6363,14688
4223,14651
3833,14633
5451,14631
3721,14599
5637,14599
9399,14584
9191,14581
7109,14559
6727,14513
6615,14509
6669,14491
0515,14477
0861,14377
4305,14369
0529,14346
0879,14335
5207,14309
7733,14303
8653,14297
9561,14284
8349,14259
1253,14156
1529,14118
1167,14112
6435,14097
0465,14091
7197,14076
4601,14031
9141,14021
4179,14020
6157,14016
0020,14005
0131,13980
9403,13943
4779,13938
8737,13937
9473,13889
6113,13865
0651,13848
5873,13783
7859,13781
8855,13770
9707,13766
0409,13766
6269,13761
1337,13732
0733,13722
4245,13709
3449,13709
8687,13704
8693,13703
7591,13703
5659,13676
6467,13663
5387,13662
8177,13649
0445,13632
6771,13613
0807,13605
4703,13601
0097,13562
6835,13556
5893,13474
5615,13444
9125,13419
9599,13383
0477,13358
2853,13338
6859,13337
8069,13315
6555,13287
9677,13234
3341,13232
0019,13204
4147,13193
7033,13186
1369,13178
8093,13157
5857,13156
8265,13155
8777,13145
6373,13143
8767,13132
3419,13116
7131,12946
5139,12935
9043,12900
7687,12887
0045,12872
4637,12867
8921,12851
9821,12839
6331,12829
3509,12814
8943,12793
2543,12750
2321,12747
4033,12725
0949,12721
8251,12719
7739,12719
9195,12710
4687,12689
0011,12685
6933,12685
0428,12665
6005,12614
6961,12588
2027,12587
3141,12586
3741,12583
6603,12525
5359,12510
5715,12432
0991,12429
8881,12429
0213,12428
6153,12425
7191,12412
0145,12402
7791,12390
4821,12350
0399,12321
2825,12299
3523,12292
8259,12291
4145,12237
0039,12232
5729,12222
0613,12197
6807,12197
0625,12192
5785,12171
9021,12165
6535,12164
5241,12164
9143,12157
8127,12154
0495,12135
9487,12134
1841,12077
0681,12069
1671,12054
5923,12024
5871,12001
5725,11998
0591,11993
0637,11991
6583,11976
8295,11963
0551,11960
6301,11943
7735,11941
0493,11922
0769,11914
4885,11886
0283,11875
1567,11862
1347,11797
2673,11796
8253,11793
0963,11778
9069,11774
8113,11737
8713,11721
6309,11688
8937,11683
0215,11674
2793,11664
7657,11652
4573,11647
1475,11609
5603,11591
1619,11575
7659,11562
2333,11557
7633,11550
0134,11518
6507,11466
7297,11457
8769,11449
5829,11434
8979,11417
8661,11406
6375,11404
0897,11402
5895,11393
0523,11387
9819,11353
3871,11349
9803,11348
1223,11346
7795,11338
6211,11335
9809,11332
9929,11329
1505,11324
9581,11323
8107,11314
6473,11312
0730,11307
7677,11288
6605,11272
4029,11247
4115,11246
8929,11211
9307,11196
4861,11168
8831,11159
9627,11156
0788,11155
0113,11154
1547,11153
7907,11149
8625,11146
8333,11127
6873,11126
2487,11105
7765,11093
5823,11091
2747,11072
5859,11049
3579,11041
8185,11010
1303,10993
8721,10992
6865,10973
7103,10958
9011,10924
4767,10908
9193,10901
5631,10813
5911,10784
6877,10754
0609,10752
3761,10716
7571,10701
0587,10698
7971,10698
9065,10685
0517,10677
9379,10665
1080,10665
1787,10657
3959,10653
0217,10648
1743,10647
0377,10646
8717,10639
6191,10638
7953,10634
9243,10630
6003,10627
7589,10624
9605,10600
2967,10586
6321,10585
7007,10565
7629,10511
6101,10508
7623,10501
7889,10494
6945,10492
9647,10487
8983,10469
7731,10457
7177,10450
7771,10448
6465,10436
8097,10405
4265,10391
3581,10364
4141,10350
3485,10349
8919,10339
9341,10325
6149,10323
8387,10317
1661,10316
8267,10257
6203,10221
0027,10217
5029,10216
5643,10201
0593,10180
9027,10172
5441,10161
6629,10144
0303,10143
2833,10141
6261,10136
1351,10132
4331,10096
8593,10089
1007,10084
9095,10069
1409,10048
8879,10024
0023,10022
8941,9999
0774,9969
8893,9956
0040,9947
4067,9945
7635,9938
0969,9904
0053,9902
8321,9880
2893,9874
4211,9852
1439,9847
7675,9845
0813,9844
0563,9824
9059,9797
9265,9791
1427,9783
5667,9776
5601,9773
5039,9771
5757,9768
5213,9766
7101,9749
3875,9731
0501,9718
7231,9707
9389,9687
9003,9679
0033,9666
8959,9646
6537,9632
7823,9631
6503,9630
8629,9619
6205,9618
6521,9606
3653,9605
6105,9599
0473,9594
2885,9592
9891,9592
1073,9546
6317,9544
8677,9538
5681,9523
0780,9502
9099,9473
2943,9463
1343,9451
0021,9449
7061,9409
1043,9384
1545,9369
3863,9364
2589,9353
2953,9337
0943,9330
6793,9328
0573,9314
5685,9293
0766,9287
5499,9277
5713,9271
3889,9239
9461,9233
7569,9232
3805,9230
5257,9225
3513,9212
3963,9208
2337,9192
4199,9174
5651,9174
9033,9152
8701,9143
6891,9128
3247,9115
6143,9113
8167,9112
0025,9100
3861,9085
4911,9078
8581,9073
3885,9059
1589,9058
3855,9056
5055,9049
8727,9047
4919,9046
0223,9033
6275,9008
9897,9000
0047,9000
0153,8985
3067,8984
8115,8982
8849,8972
9205,8957
8633,8957
4483,8944
2315,8925
3279,8916
1713,8912
5221,8911
1595,8910
9297,8906
2179,8904
8939,8882
6901,8879
0844,8872
0073,8872
4559,8871
5605,8865
1571,8858
0229,8850
0531,8849
5641,8849
0218,8846
9545,8843
7051,8805
9129,8792
4107,8776
6259,8775
3841,8768
0768,8766
9055,8762
0619,8738
7721,8734
9057,8728
4171,8719
2691,8708
0475,8700
0778,8689
5691,8665
3803,8651
3811,8636
6729,8621
5137,8619
2871,8618
0627,8599
4813,8595
6849,8590
8555,8586
9019,8575
1139,8572
7133,8570
7821,8570
4649,8567
8973,8562
1341,8548
7187,8546
5143,8538
3319,8529
6931,8503
8809,8502
0767,8488
5537,8477
0221,8466
7955,8458
8053,8445
7439,8441
0581,8438
6257,8434
6007,8431
6289,8418
8587,8410
3827,8397
6621,8383
5673,8382
7169,8367
9543,8351
9365,8328
2517,8320
8957,8318
6703,8318
8075,8282
0565,8282
3357,8280
8519,8274
0034,8271
7923,8239
3355,8239
3897,8220
6487,8220
0722,8219
5809,8195
7679,8194
8903,8192
6273,8159
7663,8156
0035,8146
0623,8143
4385,8143
3877,8136
6125,8120
0201,8115
5043,8115
0143,8104
7167,8089
1487,8087
9509,8086
3353,8022
4051,8019
6817,8010
6623,8002
0579,7991
6919,7982
7429,7972
7445,7965
2497,7949
1463,7943
5841,7923
5707,7919
1777,7911
0207,7906
0621,7901
3691,7895
2649,7890
5727,7873
2969,7867
6705,7855
3111,7852
2915,7848
8489,7845
1109,7834
3599,7833
4755,7827
0265,7819
3443,7795
8817,7780
7503,7775
4943,7772
3565,7766
2079,7765
9685,7746
6981,7735
1823,7732
5621,7729
4881,7724
0041,7718
6685,7691
2949,7686
6263,7678
8467,7671
5879,7660
7265,7649
2403,7628
1417,7621
9329,7609
6825,7604
4349,7604
8917,7603
3575,7598
6813,7597
8867,7591
2605,7575
6329,7556
8397,7554
6241,7546
5855,7541
9177,7536
1401,7534
1050,7532
1199,7516
6109,7507
2929,7503
0589,7501
8691,7495
1987,7493
1441,7491
0211,7472
4077,7462
0309,7460
5907,7443
4815,7442
3647,7432
0403,7431
6009,7420
7379,7419
3241,7410
2301,7404
6731,7387
2245,7384
0985,7383
6879,7378
5415,7377
4697,7373
1573,7361
0973,7359
2511,7355
6237,7353
0519,7332
3189,7330
0631,7327
9823,7323
3415,7322
2607,7305
0461,7298
3293,7298
7523,7296
1287,7293
0951,7290
8871,7268
7267,7244
8813,7240
0463,7235
3715,7233
4037,7226
9525,7224
4789,7222
4231,7221
2143,7181
4187,7177
6611,7174
6625,7171
7709,7162
8309,7144
6133,7144
7921,7134
0070,7133
7487,7126
1057,7126
1581,7126
5419,7119
5721,7112
4947,7095
1165,7076
8993,7076
3655,7075
1221,7070
8173,7068
6383,7048
1621,7044
6917,7040
6455,7033
3711,7030
9225,7022
0597,7014
1583,7014
6557,7013
9211,7010
9763,7009
9037,7008
3937,7002
4101,7000
3397,6992
0367,6991
9179,6990
2745,6985
0891,6982
7123,6981
5827,6976
6379,6972
5027,6966
0877,6965
9609,6961
4185,6952
2859,6948
9439,6940
9093,6926
8725,6919
7489,6909
8909,6901
0809,6899
8947,6898
4097,6898
3883,6888
9573,6884
4209,6883
0457,6876
7449,6874
8647,6873
1993,6869
4287,6858
8369,6842
7805,6839
7227,6806
0503,6805
9183,6795
6451,6794
5821,6785
6695,6780
8345,6778
1587,6758
8895,6756
1535,6725
1593,6724
8165,6720
7597,6718
8135,6716
0307,6715
5669,6698
7521,6697
8553,6679
9969,6660
9233,6659
1349,6651
7727,6651
9159,6649
8433,6646
4899,6646
7417,6643
6983,6639
9873,6638
5391,6632
7511,6631
6699,6621
9377,6617
7767,6607
2925,6595
0258,6591
1765,6587
4669,6587
6739,6583
0149,6581
0190,6578
1042,6572
3735,6571
1881,6567
2837,6551
0174,6545
8755,6538
3751,6537
6571,6536
9263,6527
6349,6526
6593,6522
4309,6518
7053,6508
0641,6506
0251,6503
4867,6500
4381,6495
6905,6494
1681,6489
3023,6488
3697,6488
9413,6482
6231,6475
6207,6470
0028,6468
9213,6462
7933,6450
9653,6441
8931,6424
6409,6416
4021,6415
6247,6413
5525,6409
4997,6400
5831,6389
6889,6385
4771,6384
1599,6383
8139,6378
7065,6375
1563,6369
0699,6366
9049,6362
5679,6355
1225,6352
0947,6349
9645,6339
0557,6330
8123,6326
5095,6320
5239,6304
4665,6303
0954,6289
8883,6289
6345,6283
6529,6282
1613,6281
2327,6262
9419,6261
8659,6256
3821,6254
7527,6242
0008,6240
3003,6232
7857,6231
4795,6226
8859,6225
0895,6217
8237,6200
8001,6189
6307,6173
3399,6173
9883,6169
4285,6147
3971,6146
6539,6143
5393,6141
9155,6133
1032,6131
7419,6128
0968,6127
8835,6125
5111,6115
6677,6113
0923,6105
4691,6099
7905,6094
0055,6079
0753,6054
7811,6053
4415,6050
5195,6050
7223,6047
4471,6042
7421,6042
2021,6039
3511,6034
2207,6025
6453,6012
0558,6003
6327,6003
4835,6000
3425,5998
0890,5993
9111,5992
1457,5991
7469,5987
1885,5978
3541,5978
7073,5976
9147,5966
1155,5964
6949,5963
1157,5960
0765,5954
8679,5951
2095,5943
8823,5941
0953,5933
0117,5933
6649,5930
0168,5926
4809,5926
8525,5920
7203,5917
9041,5914
3641,5910
0901,5910
5665,5909
7911,5907
1643,5907
4623,5899
4533,5897
9893,5896
1687,5888
0006,5883
7549,5874
6885,5873
2151,5871
8805,5866
4089,5860
2789,5850
3953,5845
6883,5834
3455,5833
6119,5827
3407,5821
9269,5810
0771,5807
3531,5807
1023,5806
4791,5804
0639,5803
4003,5790
9757,5783
1345,5781
1515,5774
9201,5773
4589,5770
8239,5766
8229,5765
6299,5763
9139,5749
1235,5743
5545,5742
3713,5740
1451,5739
7239,5726
8453,5715
6925,5711
9621,5706
0423,5703
5711,5698
7443,5694
6761,5692
2345,5692
4879,5691
9397,5689
6183,5685
8967,5677
0758,5670
3725,5667
3939,5658
9549,5657
0273,5654
4125,5649
0285,5637
5929,5635
8891,5634
8601,5632
9539,5625
0151,5624
0381,5624
0227,5622
8757,5614
3123,5609
3521,5607
0643,5606
0671,5606
3213,5603
7255,5602
0685,5599
8989,5598
0842,5595
8091,5593
1283,5586
2519,5582
0085,5569
0267,5567
6315,5557
3731,5555
1267,5549
3845,5548
3445,5539
7515,5538
5881,5533
3747,5532
7807,5531
7813,5522
9013,5520
0569,5519
4617,5515
6347,5509
7221,5508
4775,5504
4439,5500
8325,5496
8537,5483
1763,5481
5533,5481
8873,5480
0607,5472
9565,5468
9137,5465
6397,5464
6867,5463
1461,5456
9091,5445
5115,5445
3497,5443
8635,5436
2221,5435
7155,5429
9219,5425
7111,5419
7943,5413
0052,5408
9857,5401
4891,5398
8925,5397
8077,5391
3591,5388
5661,5376
3663,5375
1051,5375
4117,5367
0719,5359
7985,5352
6841,5347
9285,5344
7409,5343
0697,5337
0125,5337
6333,5334
7699,5332
8351,5328
8329,5327
9601,5326
0911,5325
8315,5319
8543,5316
7617,5313
0313,5299
7925,5283
4485,5283
3435,5276
0275,5272
3537,5267
5541,5266
5303,5263
1395,5260
0919,5258
0574,5253
7137,5243
9085,5241
1615,5239
0739,5231
2933,5231
9181,5223
1305,5216
8269,5212
1003,5211
7055,5210
3417,5210
0755,5207
7695,5207
0295,5204
0599,5202
5079,5190
8341,5186
3457,5177
1045,5172
0491,5169
0907,5165
8861,5155
5633,5138
4225,5134
2401,5133
7119,5130
7801,5129
3723,5125
3411,5116
5649,5115
9075,5114
3315,5112
0675,5102
6489,5095
7529,5086
9643,5085
1531,5079
7501,5079
5341,5078
6749,5078
0539,5071
3463,5070
5891,5061
6277,5059
3543,5058
2931,5057
4951,5054
4367,5047
4289,5044
2571,5042
9477,5032
9199,5030
9933,5030
1691,5028
7455,5021
9641,5013
6083,5011
0109,4999
9681,4999
0925,4996
7817,4994
1511,4992
6747,4990
6359,4988
4137,4988
0111,4977
0249,4976
4905,4973
8111,4972
2451,4969
9005,4956
0955,4952
8533,4948
6911,4945
1433,4942
1285,4940
9921,4935
8103,4929
8521,4929
1471,4929
8501,4928
8865,4926
0417,4922
3477,4918
0588,4914
1323,4908
8517,4903
1829,4902
9789,4902
2845,4898
8557,4893
3645,4882
5717,4880
3773,4877
7027,4877
5835,4875
5675,4869
4345,4868
7509,4868
9497,4867
6935,4864
2597,4862
4273,4858
4283,4857
8195,4855
1419,4845
0971,4845
8363,4838
0711,4836
9997,4836
5375,4835
1413,4833
1533,4832
9909,4824
6471,4824
0305,4822
8595,4821
9025,4817
9851,4812
8975,4806
0977,4803
5861,4794
6959,4793
1465,4793
2475,4787
7059,4785
3159,4778
4993,4775
6399,4775
1192,4773
2041,4771
4479,4770
4353,4761
0909,4760
6809,4759
3045,4756
5613,4754
4671,4754
0887,4749
3817,4737
7845,4732
8131,4730
1645,4724
1849,4718
1421,4717
3881,4717
1847,4714
0231,4704
5917,4704
0772,4703
8219,4703
9089,4700
6445,4693
6863,4693
7951,4692
4213,4688
4217,4682
5247,4682
2535,4677
2567,4677
4263,4676
3777,4670
4661,4670
6439,4648
8335,4647
8297,4645
8751,4642
8279,4640
4753,4639
7987,4637
7979,4635
4255,4634
6827,4632
1115,4626
5255,4620
8905,4619
2633,4609
8515,4603
0888,4603
3919,4602
4643,4597
5253,4591
4539,4586
5687,4585
9463,4578
7507,4576
7035,4572
1755,4571
3039,4570
0635,4567
6653,4563
0032,4563
3091,4561
8371,4553
0479,4552
0773,4550
0941,4545
5097,4543
5447,4539
4177,4531
4459,4529
9287,4526
3823,4522
7725,4517
7581,4517
8923,4513
4853,4513
0369,4513
8373,4512
9899,4509
5619,4508
8159,4507
6527,4503
4715,4501
4973,4500
5379,4498
8225,4496
9117,4493
4165,4490
3437,4489
6215,4484
9807,4477
9839,4476
0683,4463
7019,4461
9481,4459
5733,4446
4221,4441
0209,4441
2917,4440
0455,4440
7453,4439
0867,4433
6881,4433
3207,4432
6741,4430
8157,4429
3763,4425
0939,4418
8263,4417
5543,4416
4945,4413
1407,4412
9103,4410
6753,4410
2227,4406
0592,4401
8275,4400
3321,4399
8207,4391
9451,4390
4659,4388
6225,4387
3765,4382
2877,4375
3945,4370
8087,4369
2841,4365
0945,4364
7957,4364
9109,4361
3943,4358
4857,4358
6341,4356
6573,4355
6697,4354
8395,4353
4251,4352
9889,4349
9523,4348
5817,4345
7001,4342
6805,4340
9615,4339
2147,4339
0808,4337
2359,4333
7555,4327
9381,4327
9577,4326
4995,4322
7761,4315
0391,4314
7021,4313
1053,4312
3759,4303
7475,4303
7195,4299
4375,4293
4817,4292
2927,4289
0779,4284
0717,4283
5913,4280
2569,4280
6627,4279
2399,4275
5109,4268
3471,4267
4901,4262
2405,4259
3367,4256
1265,4254
3903,4250
8795,4246
8469,4245
8085,4241
1729,4240
0060,4237
6491,4237
9367,4232
7631,4229
2351,4226
2125,4226
0835,4223
9293,4216
4855,4216
3991,4214
6837,4212
0585,4208
6519,4206
5459,4202
7567,4201
6505,4200
3949,4198
2997,4194
9911,4187
8343,4181
9905,4176
6283,4174
5085,4168
4565,4154
1123,4152
5695,4150
4667,4149
0725,4145
9349,4137
7605,4122
3079,4118
8547,4116
0383,4115
8067,4114
8545,4107
0030,4107
1110,4107
8825,4105
7491,4104
0543,4103
7459,4102
8197,4101
4827,4097
0776,4087
0233,4085
0485,4084
0829,4080
8033,4076
0724,4074
4463,4073
6965,4072
9649,4067
3775,4066
3549,4065
3163,4064
4301,4062
1013,4045
2489,4037
3031,4037
8603,4027
6977,4026
0555,4024
7537,4023
4785,4022
0116,4021
4737,4019
7981,4016
1175,4016
1479,4016
5077,4014
1061,4013
2887,4011
1489,4011
5731,4010
0855,4007
0863,4006
1215,4002
2923,4000
7757,3999
5067,3999
7329,3997
0525,3995
0489,3988
3621,3987
8527,3986
7431,3984
0952,3983
0553,3977
0645,3974
7815,3974
6265,3971
7917,3968
0649,3968
9875,3968
2919,3968
0106,3967
0271,3963
8837,3963
7013,3961
3955,3958
7901,3958
6233,3958
0437,3954
3065,3951
8227,3946
6501,3942
0987,3942
2611,3941
1036,3937
2559,3934
8793,3934
7213,3933
3969,3931
1281,3924
1911,3909
7333,3905
4477,3902
0413,3902
1339,3898
7871,3894
2525,3892
4783,3891
4863,3889
9393,3884
7153,3879
3865,3872
8153,3872
7947,3870
7673,3870
9719,3870
9423,3869
3605,3862
9885,3861
0148,3861
3017,3859
6391,3857
7875,3855
6821,3851
6011,3851
4555,3851
3637,3850
9115,3848
2809,3847
5197,3829
5635,3827
5887,3826
1555,3825
9175,3824
6801,3821
1113,3821
7139,3818
0289,3817
8723,3817
3251,3815
6999,3813
3611,3812
9317,3807
3441,3804
3459,3804
4091,3797
6187,3797
5053,3796
7671,3795
9663,3794
9597,3794
2583,3793
1251,3776
6823,3775
4937,3771
6559,3768
1591,3768
3631,3767
6773,3767
0575,3762
8523,3761
8023,3761
2813,3760
9305,3760
7405,3759
8359,3759
3923,3758
8003,3757
3125,3750
7533,3748
7375,3744
6227,3743
2169,3741
2867,3740
2707,3736
9153,3736
2939,3731
3555,3730
4017,3729
2383,3726
6971,3725
4653,3725
3571,3724
0315,3724
1261,3722
7643,3719
1089,3718
3687,3715
9741,3712
0709,3703
0487,3699
2129,3693
5529,3693
7913,3691
9235,3687
6343,3687
7437,3686
9863,3686
5299,3684
2581,3680
6725,3672
7995,3671
5531,3671
6751,3670
9357,3669
6987,3663
1353,3663
2341,3661
1184,3661
5153,3661
3507,3660
9029,3660
9541,3659
3129,3658
9471,3656
0351,3655
9121,3645
5653,3642
7603,3642
5237,3642
0655,3638
3623,3636
3473,3634
4219,3632
1405,3631
8783,3630
7301,3629
4641,3628
0263,3628
8761,3626
6661,3624
4925,3623
2313,3621
7737,3613
2551,3613
0112,3609
5113,3609
0762,3608
7173,3605
3929,3604
9895,3603
6167,3598
1577,3592
7881,3587
0297,3586
5549,3585
9319,3583
0002,3581
5071,3580
0154,3578
9087,3575
5351,3570
8347,3568
3099,3567
7969,3563
8571,3562
0648,3561
3749,3560
8419,3559
7919,3559
2039,3555
6195,3550
0240,3547
6591,3545
0749,3544
0825,3543
1469,3542
4747,3538
0119,3537
3829,3535
1375,3535
1711,3534
3351,3533
1029,3530
2665,3530
4239,3528
0497,3527
5417,3521
8613,3520
7585,3515
3789,3513
2421,3511
5083,3510
8621,3509
2875,3507
1541,3500
1186,3499
6673,3494
0777,3492
7341,3492
6335,3490
0959,3489
3891,3483
6297,3483
3171,3482
9853,3482
0663,3481
4005,3479
3191,3473
6483,3473
1423,3471
0162,3469
0647,3467
0128,3464
6365,3460
9503,3457
6851,3452
5455,3447
7941,3441
5367,3440
1363,3440
2239,3439
8171,3436
3793,3434
6567,3432
4513,3432
3617,3430
8611,3429
1431,3428
1561,3428
7547,3426
5445,3424
1333,3421
7775,3421
7161,3421
6845,3419
9589,3418
7649,3418
9801,3411
4561,3410
1009,3410
5639,3409
0133,3409
4567,3408
9575,3398
9189,3397
2355,3396
9449,3391
4249,3390
1565,3388
1078,3383
2343,3380
2779,3379
3001,3376
7259,3375
0058,3373
2599,3372
0929,3369
8289,3369
0856,3369
0729,3368
5547,3366
6663,3364
7599,3363
5033,3363
2391,3360
8215,3358
2757,3358
4159,3358
4893,3357
2003,3357
6985,3356
9951,3354
4039,3353
0287,3351
0469,3346
8187,3345
3423,3343
7235,3342
3589,3340
9527,3336
6337,3335
8617,3334
0764,3333
7797,3331
3911,3326
3115,3325
2299,3324
4859,3316
4929,3312
9775,3311
3559,3311
3057,3303
3461,3301
0513,3296
0389,3281
0108,3281
5497,3279
4167,3276
5219,3271
3643,3266
3433,3265
1331,3262
8797,3258
8675,3256
8223,3254
0421,3254
1449,3250
9045,3249
6829,3248
2591,3248
0405,3247
7945,3242
0751,3240
0127,3235
5609,3235
2865,3233
4055,3229
9007,3222
0653,3222
3743,3221
6197,3221
0010,3214
6395,3210
4281,3209
3951,3206
6955,3203
1038,3202
3941,3199
1277,3197
1399,3197
6799,3196
2993,3195
8049,3193
7851,3191
0089,3189
8301,3188
9015,3186
6459,3185
3801,3175
8217,3175
9837,3174
8663,3173
2309,3172
7117,3170
9529,3170
1627,3169
7147,3168
9245,3163
9017,3163
0990,3161
1877,3161
2869,3156
1605,3155
0552,3155
2307,3153
3535,3150
6785,3137
0859,3137
0203,3136
0831,3136
1381,3135
2999,3133
6405,3130
0797,3128
1049,3126
1114,3125
1507,3124
2067,3124
4473,3122
6499,3122
1685,3121
5969,3120
9171,3119
1485,3118
2055,3117
0871,3117
1239,3113
6561,3113
9635,3110
6351,3109
6421,3107
5369,3107
4851,3106
4797,3105
0044,3103
9941,3102
9215,3101
8407,3099
3283,3094
4673,3092
0371,3090
5481,3090
5657,3090
0862,3089
5437,3087
8779,3082
0095,3077
0981,3077
6481,3076
8141,3076
7647,3075
0205,3074
2641,3073
8539,3072
4253,3068
1065,3068
0243,3067
9673,3067
7473,3066
2935,3066
0965,3058
2957,3055
9785,3054
3209,3054
8575,3052
0247,3047
7447,3046
9849,3046
2959,3041
5015,3038
7789,3034
1103,3029
0430,3029
2727,3028
7557,3028
0393,3027
8257,3025
9521,3023
0899,3022
2801,3022
4635,3021
6387,3018
7681,3016
5019,3016
9173,3015
7497,3015
3997,3015
8317,3014
9267,3010
2223,3009
2159,3007
5025,3007
1034,3006
8121,3004
0632,3003
0935,3002
1231,3000
5723,2999
2413,2998
2431,2998
6123,2996
8597,2995
0245,2993
0056,2992
1357,2991
0210,2990
4357,2990
1467,2987
8991,2984
7831,2983
6393,2982
6497,2979
8063,2978
7217,2976
5383,2976
1961,2974
2699,2973
0219,2973
0715,2971
1733,2971
3223,2969
4205,2965
4551,2965
7965,2962
9591,2961
3973,2961
5179,2954
7877,2953
8305,2951
2725,2948
0800,2948
8657,2946
0385,2940
4609,2940
7325,2939
6641,2939
5719,2938
9811,2935
2503,2929
1361,2927
2377,2924
8833,2924
0926,2923
8949,2922
9239,2921
6107,2919
7693,2915
7615,2915
0603,2912
2671,2910
7159,2906
1719,2905
0694,2903
4839,2902
0679,2902
0783,2902
8059,2902
2083,2901
3085,2897
7741,2896
0057,2895
1785,2894
3343,2893
3187,2884
8353,2883
5021,2883
4229,2881
3797,2878
0713,2877
3739,2876
4819,2871
7903,2870
2155,2869
3385,2868
2903,2868
0431,2866
1889,2864
0068,2864
0689,2863
4519,2860
8443,2860
6531,2859
8857,2858
5561,2858
6145,2857
1163,2856
0841,2852
7257,2851
4081,2851
5689,2849
1087,2848
8689,2845
8735,2845
8673,2837
1797,2835
3053,2834
0743,2833
3667,2831
0750,2831
0279,2830
8191,2826
9083,2825
8231,2822
8323,2822
6599,2822
8189,2822
7093,2822
8739,2820
8071,2817
9281,2816
6871,2816
3677,2814
9249,2813
9715,2807
7779,2806
1597,2804
7403,2803
5135,2801
3061,2801
7467,2800
0833,2797
4269,2796
0195,2796
9533,2793
2289,2786
7837,2783
0141,2781
3851,2779
1367,2776
8361,2776
8241,2772
8365,2772
1473,2770
1044,2770
4197,2768
4847,2768
0884,2766
7891,2765
7827,2762
8483,2760
2389,2760
4679,2759
3787,2758
8821,2758
5235,2757
1701,2753
8125,2749
6457,2747
8211,2745
3995,2744
1391,2744
6975,2743
2073,2740
1927,2737
5773,2736
0541,2735
3265,2734
6525,2731
6735,2726
1933,2726
7993,2725
7433,2725
7989,2721
3491,2720
0784,2719
0903,2719
3055,2717
8885,2716
1435,2715
0584,2714
4843,2714
0387,2713
9485,2713
3439,2712
6135,2705
1827,2704
7009,2703
5031,2702
3893,2700
3905,2694
7129,2693
8271,2692
9197,2692
2719,2691
9773,2690
0155,2689
2613,2685
6441,2683
0150,2683
3703,2683
2955,2683
8641,2680
9967,2679
4189,2675
1905,2675
5583,2674
9081,2672
1989,2671
7665,2671
3771,2666
5047,2664
6235,2661
3323,2661
2561,2658
0291,2657
3981,2656
9455,2654
9279,2654
7485,2652
7413,2649
5889,2648
1039,2647
8579,2646
1063,2645
2037,2644
4023,2640
8007,2637
0927,2634
1609,2630
3701,2630
9499,2623
1317,2623
0507,2621
7829,2614
6947,2614
6485,2609
4235,2609
3709,2608
8875,2608
6855,2606
6997,2604
1196,2600
4161,2598
9071,2596
1443,2594
1207,2594
0878,2594
4497,2593
5285,2593
4749,2588
6757,2586
1919,2586
1781,2586
2303,2583
5335,2580
3483,2578
0686,2575
1325,2573
0262,2572
3825,2571
4277,2570
9507,2569
4831,2569
8457,2568
7371,2568
1921,2566
3047,2566
3695,2565
8129,2563
6797,2562
0819,2559
4155,2557
3325,2556
7977,2556
7609,2556
4489,2556
0857,2554
1491,2553
2533,2551
4127,2550
4409,2549
9845,2548
8605,2546
7853,2546
8615,2545
3033,2543
9867,2542
9547,2542
1313,2542
3545,2540
8095,2540
1649,2539
8465,2538
1931,2537
1118,2535
3983,2534
0160,2534
3835,2532
8043,2531
2445,2530
9669,2527
9039,2522
4607,2522
0037,2520
2685,2520
3259,2519
7199,2519
4321,2518
5493,2518
2305,2517
1309,2516
8911,2515
5779,2514
4603,2514
3063,2513
4585,2512
6447,2511
2339,2510
9277,2508
9079,2507
7809,2507
0140,2506
7865,2506
0837,2506
3405,2504
0173,2500
2461,2492
8503,2492
0702,2492
8485,2489
4611,2489
2469,2488
2529,2488
9665,2487
4149,2484
5069,2484
2139,2482
2783,2480
7983,2479
1131,2474
9135,2473
5435,2472
0163,2471
8747,2471
1233,2468
9345,2464
1241,2463
8155,2461
8019,2459
0984,2458
7411,2455
3255,2452
1085,2451
1939,2450
6287,2448
9275,2446
7165,2445
9247,2444
4045,2444
6319,2442
2711,2440
5579,2440
6815,2440
4383,2439
0043,2437
0521,2435
6161,2434
1887,2431
5159,2430
6939,2429
0024,2429
6833,2429
2905,2428
8745,2428
9859,2424
2625,2423
0602,2422
0705,2421
6079,2418
3103,2417
2713,2416
0847,2416
3989,2415
6021,2414
2687,2414
5051,2412
3219,2411
0657,2411
1997,2410
6973,2410
5765,2410
4403,2407
1005,2406
8787,2398
3393,2396
0703,2395
0693,2392
1635,2392
6245,2391
0853,2389
7763,2388
5107,2388
4645,2385
4019,2385
8391,2384
8819,2384
8285,2382
5433,2382
8829,2382
9097,2380
2043,2380
7895,2378
3277,2377
7543,2376
4355,2376
8435,2374
5157,2373
6353,2373
3029,2373
3267,2368
8431,2368
0157,2367
9657,2367
6585,2366
7621,2360
7385,2360
3769,2358
3689,2358
9855,2358
4279,2356
0827,2356
5243,2356
4663,2355
7479,2353
1497,2352
2677,2346
3551,2345
9917,2345
1101,2344
1040,2343
7015,2343
0311,2342
5845,2340
5009,2338
9683,2336
9583,2333
3465,2332
4869,2332
6413,2330
9919,2330
5163,2330
8711,2330
9127,2329
3583,2329
3307,2328
0046,2326
3221,2326
4181,2325
1190,2325
4719,2324
9405,2324
3049,2323
6577,2322
1387,2321
2537,2320
8287,2314
0860,2313
8731,2312
9813,2309
6339,2308
5177,2306
7171,2305
6185,2303
7593,2302
4571,2301
2235,2300
7499,2300
1437,2299
4837,2298
0550,2298
0439,2298
0050,2298
1365,2297
2507,2297
7869,2294
4227,2292
5753,2292
2827,2289
6111,2287
3119,2287
1647,2286
0288,2284
4099,2282
3915,2282
1183,2279
7241,2276
6775,2276
8627,2275
3603,2272
3925,2272
5769,2272
2331,2270
9901,2270
1519,2268
6049,2266
1359,2266
1177,2265
3165,2264
1237,2264
0956,2262
1481,2261
8513,2260
1093,2260
7743,2259
7975,2259
0252,2259
5905,2259
1249,2258
3089,2257
0259,2256
1060,2253
9257,2252
7179,2251
1625,2250
6433,2246
9295,2246
8759,2241
8005,2235
6199,2234
3331,2234
3021,2232
1957,2230
1915,2230
9207,2230
6443,2230
0696,2228
4713,2224
9441,2223
1213,2222
0499,2218
8403,2218
2411,2217
1683,2216
9607,2216
3729,2213
3639,2212
9717,2211
4333,2205
3809,2205
8481,2204
1088,2203
9679,2202
2407,2201
0062,2199
3007,2198
8451,2198
1843,2196
8463,2194
2803,2193
0226,2193
0650,2193
0121,2192
6147,2192
6033,2190
6533,2189
9793,2188
6803,2187
8283,2185
4981,2185
6957,2185
2509,2181
1913,2180
9437,2180
7163,2179
7321,2176
0962,2176
6941,2176
9713,2173
2493,2173
6709,2173
9169,2173
3665,2172
8213,2171
1907,2171
1257,2171
7929,2170
7063,2169
9531,2168
4183,2165
4119,2165
1403,2164
3375,2163
5307,2162
0191,2162
9865,2162
0018,2161
5535,2160
7849,2159
0801,2159
8945,2158
1601,2157
4401,2157
0670,2156
2317,2155
2709,2153
0741,2151
9457,2150
6513,2150
4163,2149
2417,2149
4057,2148
6943,2148
4157,2148
3369,2146
0578,2143
1178,2141
9619,2141
4693,2140
8029,2140
6665,2139
4373,2139
3303,2136
4631,2133
4889,2132
9739,2132
3043,2129
3037,2128
8303,2128
8331,2128
3819,2126
4657,2126
0239,2125
0236,2121
6783,2120
6159,2119
2127,2116
0181,2115
8665,2113
0785,2111
4059,2108
7309,2108
6693,2107
3931,2107
3337,2105
0659,2105
3481,2105
5125,2105
6463,2103
1070,2103
1048,2099
6019,2099
8671,2099
9965,2099
2479,2098
2683,2098
6951,2098
2369,2095
5229,2094
4457,2094
6523,2092
5487,2090
0905,2088
1951,2086
9949,2083
0022,2083
1709,2083
5783,2083
9323,2082
0232,2082
1209,2081
2211,2081
9061,2081
6121,2080
5671,2079
3373,2079
3081,2078
0933,2077
3349,2075
7781,2075
5305,2075
0781,2075
0873,2075
6759,2074
1579,2073
8907,2071
7843,2070
2995,2070
8529,2068
4085,2068
0547,2068
4423,2068
0208,2066
5505,2066
0038,2063
0695,2062
2963,2061
2361,2061
4761,2057
2595,2056
6767,2052
0846,2049
8203,2048
0617,2048
4971,2048
1393,2046
0993,2045
9629,2045
7707,2043
3707,2043
5377,2042
2563,2041
0594,2040
3133,2039
5389,2039
2047,2039
2945,2038
3607,2038
8445,2037
0975,2037
5279,2037
8037,2036
0737,2034
2547,2034
7753,2032
6479,2032
6743,2032
2141,2031
4193,2030
9353,2029
6631,2028
3933,2028
0979,2028
4313,2027
8015,2027
3659,2025
6765,2024
8699,2023
3179,2020
8377,2018
3211,2015
0091,2014
7327,2013
1194,2013
3281,2011
7141,2011
0237,2011
0202,2010
5767,2009
0026,2009
4259,2007
4605,2007
6115,2006
5479,2006
9755,2004
4613,2003
6515,2002
4575,2001
7263,1999
3305,1996
4041,1994
2057,1991
9469,1991
4773,1990
8151,1989
5323,1988
2191,1986
9411,1985
1801,1982
0123,1981
1623,1980
3999,1980
3389,1980
7349,1980
4793,1979
3907,1978
0206,1975
3539,1975
1169,1975
6139,1974
6691,1974
0816,1974
2881,1974
4707,1973
0811,1972
1047,1972
3127,1971
7211,1970
0228,1969
7595,1967
5141,1965
6893,1964
0642,1963
9407,1961
6993,1958
7867,1957
4953,1957
3167,1956
8573,1955
5761,1954
3561,1953
3619,1951
6899,1951
2449,1951
5251,1950
7025,1949
1021,1949
2835,1948
4341,1947
4989,1947
6151,1947
7091,1946
5045,1946
3371,1944
6923,1944
3601,1943
3359,1942
8421,1940
6423,1940
7793,1940
9237,1940
5233,1940
3719,1934
0459,1934
2061,1933
7641,1933
7759,1933
4841,1932
0564,1932
8709,1931
7357,1931
2795,1929
2657,1925
2669,1923
6173,1922
4093,1921
3753,1919
9959,1919
9923,1917
1501,1916
1653,1916
3381,1915
1553,1915
9475,1912
5291,1910
5939,1909
3895,1907
4537,1907
7999,1905
3853,1905
1255,1900
5473,1899
0821,1899
1483,1899
2873,1899
5183,1898
7723,1898
0419,1897
9659,1897
3253,1896
7669,1896
0012,1895
6267,1894
4729,1891
3587,1890
8119,1890
0566,1889
5057,1888
5007,1888
5185,1888
9359,1886
5205,1885
1499,1883
3627,1883
8639,1882
1517,1881
9443,1880
9815,1880
9421,1879
6675,1877
4579,1877
9833,1876
2157,1876
5409,1874
2761,1873
9953,1872
2733,1869
4271,1869
6895,1868
0216,1864
9989,1864
8719,1861
7783,1860
8583,1858
1095,1858
4129,1858
0966,1857
8843,1855
6171,1855
8497,1855
9995,1853
5013,1851
0204,1850
0093,1847
0264,1847
7041,1843
3569,1842
0936,1841
4629,1841
1633,1838
9149,1837
5011,1837
6279,1837
0137,1836
6839,1836
9745,1835
6909,1833
0604,1832
7997,1831
9415,1829
2463,1829
0179,1828
7561,1828
9429,1828
9913,1828
1895,1826
3183,1825
4593,1825
1107,1825
1749,1824
6745,1824
2889,1823
1149,1822
7689,1820
6059,1819
0327,1817
0967,1815
7011,1815
0875,1814
4969,1812
6781,1810
0418,1808
3847,1808
9355,1807
3557,1807
9695,1807
9053,1805
8487,1805
3755,1803
3289,1803
8249,1802
7931,1801
9675,1800
9711,1794
4421,1793
1084,1792
2453,1792
0710,1792
1855,1791
7991,1791
1016,1788
7253,1788
7423,1788
1092,1787
0799,1786
0104,1784
7463,1783
7189,1782
3693,1781
9273,1781
7545,1780
8509,1779
0196,1778
7575,1778
1459,1777
0347,1777
8101,1775
3401,1774
6655,1774
0836,1774
1174,1773
6381,1772
4011,1768
9797,1768
0345,1767
8009,1767
4315,1766
2651,1765
9781,1765
0184,1762
9693,1762
6041,1761
6659,1760
3791,1760
9827,1759
8449,1758
2623,1757
8995,1754
0851,1753
0666,1753
8697,1752
0823,1751
9299,1751
0814,1750
7517,1750
0843,1749
6367,1749
8013,1745
2373,1743
2425,1743
7719,1743
3327,1743
9697,1743
8549,1742
3347,1741
3727,1741
7381,1740
3261,1740
7337,1739
6255,1739
7081,1737
6613,1736
8607,1736
5333,1735
9783,1734
5105,1733
7711,1732
0277,1732
3059,1730
2987,1729
0199,1728
4543,1726
0299,1726
4143,1723
9259,1722
5443,1722
6777,1722
2897,1721
2485,1721
6017,1719
6733,1718
6355,1717
6991,1716
7457,1716
1031,1714
3501,1714
3935,1710
5577,1709
5381,1708
3625,1708
3843,1708
4547,1707
7299,1705
4731,1704
9655,1703
9229,1703
1151,1703
3815,1702
5555,1701
3737,1701
2985,1700
3795,1699
2275,1699
1377,1698
7899,1696
5771,1695
2653,1695
0549,1694
0868,1692
3705,1691
1415,1691
5355,1691
6541,1690
9553,1690
8375,1685
9623,1685
0375,1684
8021,1682
8399,1682
9009,1682
1867,1677
5165,1676
0882,1676
1659,1675
2659,1675
0688,1675
3487,1675
0931,1675
2771,1675
0122,1674
3987,1673
4545,1673
3339,1672
0544,1672
7441,1672
8981,1671
5349,1671
6031,1670
9667,1666
0511,1664
4705,1664
8643,1663
1297,1662
9699,1660
1999,1660
3917,1659
1879,1659
1279,1656
9077,1656
4977,1654
8065,1654
9321,1653
8889,1653
4377,1653
2015,1652
1069,1651
3525,1647
3657,1645
3453,1644
1521,1643
7627,1642
5119,1641
8169,1640
2575,1639
8753,1639
3967,1638
3097,1638
2679,1637
9145,1637
1543,1636
1641,1634
4499,1633
4523,1632
7313,1631
4427,1631
2829,1631
2989,1630
0964,1630
6989,1628
6575,1626
8393,1626
2505,1626
3025,1623
2741,1623
6129,1622
0069,1622
8011,1622
8811,1622
2695,1621
6063,1620
0434,1619
0197,1619
4963,1619
5589,1619
4437,1616
4475,1616
0858,1615
2465,1615
8109,1614
3979,1613
9587,1612
7193,1611
8695,1611
5565,1611
7373,1611
3499,1610
9991,1610
0331,1608
7383,1608
8789,1608
4965,1607
9903,1607
7393,1605
9861,1605
0917,1605
4257,1599
0746,1597
8145,1595
7773,1595
3451,1594
2701,1594
5267,1592
2787,1592
8971,1591
3069,1590
8969,1590
9829,1589
9661,1589
1795,1588
4153,1588
8255,1587
7973,1585
3879,1585
1067,1584
6201,1584
8565,1584
6963,1583
0242,1583
7401,1580
9271,1579
1747,1578
5087,1577
8235,1576
2821,1576
3779,1574
5469,1573
1011,1572
5399,1572
9337,1571
5573,1571
3927,1569
4335,1569
7799,1567
3717,1567
2293,1566
4495,1565
3291,1564
0690,1564
3379,1564
0798,1563
0451,1562
3837,1562
0656,1562
7553,1561
8765,1559
3145,1559
2231,1559
6819,1559
6431,1559
4619,1557
1675,1557
2973,1556
7391,1556
3409,1556
2681,1556
0300,1555
3831,1554
1839,1550
9613,1548
0634,1547
3335,1547
9617,1546
3527,1546
0611,1545
8475,1543
8535,1543
9973,1542
0620,1539
0172,1539
8415,1538
9631,1535
9363,1535
6325,1535
5581,1534
9651,1532
4681,1531
1096,1531
0660,1530
6701,1529
0234,1529
1086,1528
6015,1527
2847,1527
3493,1526
0110,1526
7639,1525
3567,1523
4759,1522
3155,1521
1099,1520
5475,1519
1173,1519
0129,1518
5477,1515
1307,1514
2363,1514
0600,1513
0759,1513
4291,1512
3671,1511
4169,1510
4009,1510
0446,1510
3869,1510
5781,1509
0794,1509
2009,1508
7697,1508
1327,1508
4201,1506
4563,1505
0146,1504
0630,1503
2249,1502
6903,1502
8261,1501
4517,1501
4577,1500
7755,1499
3985,1499
5287,1499
6755,1498
9749,1498
2297,1498
1673,1497
2765,1497
7787,1497
5463,1497
7637,1497
5217,1497
5361,1496
0422,1495
3019,1494
2675,1494
9593,1493
0142,1493
1180,1493
4769,1492
4741,1492
3859,1492
2901,1491
7909,1491
9765,1490
8563,1489
9961,1489
3269,1489
0747,1488
1056,1488
2029,1486
9119,1485
0169,1485
1082,1484
8293,1484
0189,1480
6085,1480
4407,1480
4435,1479
1143,1478
0317,1478
9705,1476
8977,1475
0182,1473
0880,1472
9105,1472
2947,1472
7185,1472
1853,1471
0815,1471
3071,1471
5283,1470
4035,1468
5975,1468
1094,1468
0268,1467
1793,1466
3383,1466
8281,1465
4829,1465
9313,1465
1289,1463
9751,1463
9791,1463
2439,1463
2395,1462
3235,1459
7461,1459
8149,1459
1127,1459
6103,1458
9031,1457
8623,1457
5317,1456
9725,1456
7351,1455
7127,1455
0805,1453
4739,1453
9771,1451
4569,1449
7653,1448
1865,1448
0388,1447
2703,1447
9927,1446
4781,1446
2667,1445
0789,1445
9971,1444
1803,1444
1509,1443
3799,1443
5509,1441
0159,1438
3529,1436
5313,1435
5489,1435
4241,1434
1273,1434
2131,1433
0353,1432
2233,1431
8827,1430
9603,1430
0072,1425
4511,1425
1809,1425
0194,1424
1909,1424
8427,1423
9981,1422
2619,1422
7361,1420
1243,1420
6679,1419
2279,1419
1098,1416
1245,1416
8471,1416
0379,1415
8897,1413
4695,1413
1379,1412
9369,1412
5215,1411
0628,1411
6791,1411
7343,1411
2455,1410
3479,1410
5325,1409
7049,1408
7713,1407
8961,1406
0330,1406
7539,1405
3977,1405
0721,1401
3505,1401
1068,1401
8447,1399
1745,1399
8385,1398
9327,1397
3015,1396
2137,1395
7613,1395
0103,1394
2283,1394
9347,1393
6517,1393
8389,1393
0790,1393
5551,1392
6869,1391
1525,1391
3231,1390
4727,1390
4447,1389
2385,1389
1371,1388
0698,1388
9303,1388
1971,1387
5449,1386
5227,1386
6051,1384
8031,1383
3215,1380
0186,1380
1033,1380
1179,1380
3947,1379
4105,1379
9955,1378
6633,1377
8099,1377
7611,1375
1503,1375
0320,1375
6029,1372
7531,1371
6419,1370
3745,1370
0915,1369
0101,1369
8493,1366
5791,1363
2437,1363
5749,1362
5301,1362
1805,1359
0668,1357
1523,1357
3961,1356
4845,1355
0691,1355
9795,1355
5289,1354
3547,1354
8887,1351
6667,1350
8247,1350
9163,1349
6437,1348
2977,1347
5593,1344
5557,1344
8707,1344
0893,1344
4295,1342
9401,1341
0944,1340
1869,1339
2565,1338
0795,1336
4001,1333
8505,1331
9001,1331
2759,1330
2941,1330
0804,1330
9729,1328
0854,1328
3005,1327
2089,1327
0748,1327
0881,1326
5985,1325
5161,1325
9331,1324
2971,1323
3615,1321
0126,1321
5569,1320
1513,1320
3431,1319
3813,1319
8775,1318
5797,1317
3733,1317
8473,1317
4351,1317
4549,1317
2615,1316
5457,1316
0732,1313
0865,1313
4425,1313
4419,1312
1737,1311
2527,1310
0100,1310
5737,1309
8645,1309
0998,1308
3041,1308
5223,1307
5281,1307
2609,1307
0989,1307
5795,1307
7043,1305
2199,1304
9467,1303
7573,1303
9721,1302
2473,1302
5081,1301
0950,1300
7317,1300
2545,1299
7369,1299
0994,1299
6077,1298
0677,1297
1111,1297
3757,1297
5337,1296
1335,1296
4621,1294
1008,1294
2763,1293
0293,1293
6609,1290
7377,1290
0426,1288
4411,1287
2085,1286
5747,1285
8417,1284
1753,1284
5309,1284
4053,1281
1121,1281
4777,1281
0250,1280
8499,1280
3921,1280
7311,1278
0661,1277
2515,1274
2861,1274
0460,1273
0178,1272
4531,1272
3249,1272
9979,1272
5483,1269
0900,1268
4933,1268
8913,1268
2467,1266
4449,1266
7003,1265
0674,1265
0775,1264
2751,1264
4709,1263
8299,1262
0170,1261
0230,1260
9881,1259
7339,1258
2899,1258
1925,1258
0792,1254
0071,1253
4025,1251
3297,1250
7069,1250
2799,1250
4875,1249
2539,1249
9231,1249
8455,1248
6719,1248
9515,1246
2087,1245
4443,1244
3263,1244
5149,1244
9567,1241
5117,1241
4685,1241
7207,1240
0726,1239
3577,1238
3563,1238
7873,1236
0874,1235
7967,1234
2149,1234
7625,1233
7031,1233
7295,1233
4363,1232
2347,1231
1699,1231
9435,1230
3767,1230
8803,1230
0537,1230
2059,1230
3299,1229
3011,1229
0728,1228
2579,1227
5501,1227
1425,1226
3675,1225
3887,1225
2857,1224
1731,1224
2081,1224
0640,1224
3649,1224
3271,1223
7067,1223
4203,1222
3519,1222
8459,1222
2781,1221
5131,1221
5065,1221
0130,1220
3345,1220
1259,1217
2661,1217
1145,1217
2775,1216
4651,1216
4329,1215
8425,1214
2693,1213
0684,1213
3633,1211
4389,1209
7215,1207
0822,1204
1557,1202
4047,1202
2123,1200
9537,1199
9943,1199
0577,1199
2981,1198
6069,1198
2103,1198
0066,1197
4583,1196
0224,1196
6721,1194
7879,1194
7551,1194
8609,1193
1817,1192
3075,1192
9957,1191
8035,1190
2311,1189
1185,1188
5597,1188
0672,1187
2849,1186
2883,1186
1689,1186
7897,1185
1071,1185
0572,1185
3181,1184
1863,1184
6169,1182
1161,1182
1695,1181
0414,1181
7559,1180
8079,1179
4507,1178
8381,1177
9309,1176
1697,1176
7039,1174
8567,1174
2145,1171
2731,1171
6023,1170
0306,1170
0756,1169
3421,1168
0334,1167
4247,1167
1133,1166
1154,1166
7045,1166
0839,1166
5061,1164
2263,1164
0193,1164
4627,1164
1329,1162
9799,1162
4927,1162
2203,1161
0817,1160
1195,1159
1775,1159
9735,1158
6657,1157
2483,1157
5189,1156
8243,1154
5527,1154
7303,1153
2937,1153
2119,1152
0626,1152
0373,1151
1963,1149
7389,1149
7803,1148
9691,1147
3109,1146
5037,1146
0254,1144
8409,1142
8051,1141
0548,1141
2697,1141
2387,1140
2689,1138
2961,1138
2991,1138
9731,1137
4711,1137
4717,1136
7247,1136
0083,1135
3205,1134
0014,1134
5171,1133
4191,1133
0185,1132
1667,1132
3867,1132
8965,1130
5005,1130
4677,1129
3009,1129
3295,1129
0074,1128
2585,1128
6061,1128
0802,1127
6045,1126
0144,1126
0687,1126
7319,1125
0136,1125
4991,1124
2209,1124
4121,1124
3013,1122
0357,1121
7085,1121
9255,1120
1269,1120
0676,1120
0096,1120
1917,1119
6043,1118
0308,1118
2895,1116
4979,1115
4195,1115
4317,1114
1539,1114
5963,1113
0220,1113
0682,1113
4451,1113
7331,1113
2639,1112
0896,1111
3899,1111
1923,1110
0646,1109
4591,1109
5523,1108
4095,1108
1004,1107
2261,1107
4805,1106
1995,1106
0124,1105
1015,1105
1477,1105
0398,1104
2851,1103
0942,1102
2429,1101
7023,1101
0644,1100
9977,1100
3361,1099
6073,1098
0664,1098
5017,1097
9727,1097
5093,1096
2495,1096
1090,1096
7205,1096
2375,1095
1263,1095
3217,1095
7353,1094
3333,1094
0665,1094
2481,1094
8631,1093
1055,1092
1001,1091
0712,1091
1026,1091
3051,1090
4529,1090
4393,1090
1815,1090
0166,1089
2979,1089
9133,1088
1275,1088
0214,1088
9805,1087
5089,1087
0165,1086
5099,1083
3839,1082
4527,1082
2723,1082
2643,1082
0754,1082
5587,1082
3135,1077
9569,1075
0932,1074
2269,1073
0063,1072
1102,1071
5365,1071
2739,1068
2049,1065
0999,1065
7415,1064
0340,1064
9759,1063
0274,1062
0325,1062
1703,1061
1076,1061
6385,1058
6303,1058
0787,1058
0458,1058
5263,1056
9351,1055
1949,1054
5199,1053
4923,1053
5759,1053
8133,1052
0188,1052
1271,1052
9251,1050
2409,1049
0016,1048
5943,1048
8743,1048
2107,1047
2195,1047
0156,1046
1117,1044
1859,1044
7949,1043
0598,1043
4113,1041
0432,1040
0099,1040
6907,1040
5275,1039
1147,1039
1229,1039
6995,1038
8715,1038
1158,1037
4319,1037
2325,1036
0486,1036
7785,1036
5743,1035
3227,1035
5319,1034
1205,1033
1725,1032
0718,1031
6461,1030
0948,1029
0290,1028
5121,1028
0622,1026
7855,1025
1160,1024
5933,1020
0924,1018
1767,1018
0067,1018
5103,1018
4073,1018
6065,1017
8733,1017
1575,1016
4833,1016
0934,1016
5981,1015
1176,1015
4237,1015
0562,1014
0556,1013
5517,1012
7579,1012
0337,1010
3107,1010
2237,1006
0292,1006
0322,1006
3699,1005
2393,1004
1769,1004
1020,1004
4429,1002
0329,1001
5277,999
4461,998
2663,998
5327,997
0885,997
0840,996
7307,996
5225,995
7883,995
5987,994
5123,993
3387,992
9391,991
2617,991
6057,990
5347,990
0554,990
0449,989
2023,989
0636,988
3285,988
2593,988
2259,988
9479,987
0350,985
7335,983
4825,983
0059,982
6937,982
4453,982
1129,980
1012,980
9501,980
0087,979
0161,979
4689,978
5787,978
9339,978
5937,977
5973,976
2555,975
1170,974
4765,972
9557,971
9513,971
0349,971
9491,970
0960,969
0187,967
3201,967
4509,965
4275,965
6117,964
9723,964
3975,964
5411,964
4803,963
0606,963
5169,962
4361,961
1727,961
4397,961
0834,961
3365,960
9639,960
8201,959
4139,956
3427,956
0618,956
1126,954
3317,954
7961,954
7819,953
2459,953
0171,953
3329,952
7315,952
6683,951
0135,950
5793,950
9517,949
5145,949
0075,948
9483,948
0380,947
9915,947
9975,946
1299,946
8209,946
6035,945
9551,944
0700,944
1315,943
4293,943
2273,941
3197,940
0167,940
0876,939
5507,939
0590,938
9945,938
9671,937
3311,937
0088,936
2163,936
7661,935
5261,933
1929,931
4413,930
6617,930
0796,930
9291,929
3027,929
8997,928
0082,927
9335,926
2253,925
2755,924
3783,924
5147,924
5073,923
1217,923
1739,922
8477,922
1197,922
1835,922
0080,921
4525,921
6223,920
1072,920
3585,919
4487,919
0341,918
2791,918
8439,917
3257,916
5993,915
4151,915
0031,914
0866,914
1002,914
0883,914
6055,913
8337,913
5951,912
1027,911
7833,911
0983,910
1611,909
1181,908
1075,907
3309,907
5201,905
2001,904
4721,904
6081,903
7959,903
4897,902
2523,901
2319,901
4535,901
5297,900
0076,899
0152,899
5751,898
3225,898
1301,896
7293,895
0972,895
2277,895
9387,894
1062,894
9333,893
7619,893
9869,893
0820,892
4007,891
0601,891
0276,891
5461,890
2185,890
0424,890
0982,889
8441,889
5395,888
4887,888
0238,887
7835,887
0745,886
0416,886
7655,885
5465,885
2365,884
0180,882
3287,882
0810,881
6651,881
5203,880
4325,879
9817,879
7685,878
2811,877
5269,875
0922,874
0363,874
3857,874
6407,873
1807,873
0898,873
1119,872
0042,871
0333,870
2647,869
2353,869
2397,869
4581,869
0852,868
0384,867
0354,867
3185,867
1631,866
2371,866
9453,866
8437,866
0838,864
5151,862
2415,862
2645,861
2285,861
0701,861
5553,860
4587,860
1967,860
2349,859
7717,858
9879,858
7125,858
5187,857
1017,857
4441,856
5357,854
0114,853
2819,853
4465,852
7347,852
9747,850
0467,850
3609,850
2045,848
0886,847
0706,847
5181,845
8401,845
3275,845
1941,845
4907,845
6039,844
2729,843
3673,843
0752,842
0735,841
9383,838
4823,837
5491,836
4379,836
2815,836
7729,836
4337,835
0481,835
2553,835
9409,834
4087,834
1721,833
0248,833
5563,833
0918,833
0806,832
9743,832
3475,830
1891,830
0138,830
2133,830
1901,829
7397,827
1947,827
4015,826
0902,826
0282,826
1156,825
0980,824
8411,824
0158,824
5467,823
1783,823
1723,822
9427,822
0368,822
1857,822
0976,821
2621,821
0361,819
3301,819
5003,819
0916,819
0270,818
9187,818
4873,817
2737,816
8551,816
2101,816
4049,816
2749,815
0738,815
8273,815
4323,813
0532,812
5595,810
5735,810
4173,810
0051,810
2603,810
5175,809
7087,809
0079,809
4103,808
3489,805
5775,805
9161,803
2077,803
8413,802
0912,800
9947,799
3679,799
8017,799
0200,798
0938,798
4505,797
1311,797
1893,797
1663,796
9877,795
9023,793
0436,792
8495,792
2983,790
0164,790
9637,790
2557,789
0692,789
1845,788
9495,787
1679,787
2843,787
3113,785
0914,785
0344,784
5539,783
9505,782
4071,782
3177,781
5585,781
9447,781
0988,780
8763,779
9761,778
0081,778
4931,778
5129,776
1134,776
3635,775
4065,775
0296,774
0498,772
2329,771
2097,771
9737,771
7841,770
0992,770
3073,770
2471,769
1979,768
0094,767
4597,764
8181,764
8313,763
0638,763
3131,761
9963,761
1144,761
7399,760
0408,760
2241,758
9101,758
7465,756
0970,755
5193,755
9939,754
5513,753
5471,753
7651,753
0098,753
9253,753
2335,752
5339,748
8193,747
0892,745
0714,745
9217,745
1637,743
0744,742
5957,740
0818,739
5983,739
9687,739
3683,738
1831,737
2035,737
0061,736
8807,733
4399,733
0492,732
0132,730
5101,730
1991,729
2033,729
5571,729
1018,728
4757,728
9535,728
0913,727
4175,727
4807,726
4027,725
1669,724
2255,724
7365,723
7251,723
5599,722
1201,722
0278,721
0576,720
0716,719
6013,718
2031,718
1124,718
4955,717
0978,716
1059,716
2635,716
6053,715
0064,714
1959,714
1953,713
0323,713
1100,712
4455,712
4339,712
0864,711
5763,710
1010,710
1074,710
4935,710
0222,709
1875,708
0280,708
0420,707
2975,707
0658,707
2053,706
8277,706
0386,705
1977,705
1024,705
1973,705
0294,704
5429,703
0974,703
0828,702
0616,702
4745,702
9769,701
4699,700
0212,700
7323,700
1735,699
0092,699
4391,699
0708,699
3785,698
0370,696
5001,695
1105,695
5967,695
3395,693
1861,693
0176,693
5353,693
0120,693
5265,692
0362,692
0338,690
5167,687
0614,687
5931,687
3093,686
4599,686
7519,686
0304,685
2025,684
9579,682
0568,681
5521,680
5789,680
0946,680
3503,679
7305,679
3517,678
5997,678
1019,677
2251,677
5567,676
3095,676
5755,676
1445,676
0175,675
7219,674
2271,674
7249,673
7387,672
1030,672
0450,671
0260,671
0049,671
5173,671
0382,670
4871,670
5511,669
7893,668
5503,668
2065,668
0474,668
3243,668
0910,667
6193,667
5941,665
4299,665
4109,665
2229,664
1717,664
0678,663
2743,663
0707,662
0310,662
4967,662
6025,661
0400,661
4999,661
2891,659
4405,659
6417,658
0995,658
5745,658
7451,658
0826,657
0824,657
0359,656
0321,656
0872,656
0530,656
1168,655
0244,654
2721,654
0904,653
4215,653
5591,652
0920,652
4343,651
5439,651
1189,649
0812,648
1083,647
3035,647
7395,647
8479,646
3175,646
6763,646
1162,645
4655,645
4233,644
5965,644
0192,644
2855,643
2013,642
9993,642
1122,641
0534,641
1851,641
4395,640
7939,639
0612,638
0115,638
4983,637
2201,636
1773,636
1193,636
4327,636
7601,635
1871,635
4503,635
0466,635
5245,635
1821,635
4043,634
0084,634
0312,634
5955,634
0791,633
1811,633
1985,633
5421,632
0742,632
4801,632
1293,630
4639,630
2091,630
5329,630
0404,630
9261,628
0284,626
7747,626
9585,625
0343,625
0376,625
2165,624
9493,623
9767,623
9465,623
1146,622
0478,621
0410,619
2181,619
4131,618
5431,617
5271,616
0608,614
8741,613
1551,613
0560,613
0355,612
0366,610
0352,608
0586,608
0318,607
0570,607
4347,607
2063,606
1825,606
9315,606
1041,605
2753,605
0183,604
0832,604
5209,604
0332,603
0464,602
1751,602
1152,601
9203,601
2769,600
0298,600
0452,599
0654,598
7345,598
3193,598
5953,597
9343,597
0928,596
5127,596
8307,596
1028,596
3153,595
0365,595
0736,594
1022,593
5405,591
5211,590
3447,590
2501,589
9611,588
0339,588
3151,585
5515,585
2735,584
2267,583
1789,583
6071,583
0624,581
1025,581
0358,580
0246,579
1120,579
0582,579
5741,578
3143,577
2257,575
2717,574
4615,574
5977,574
0272,574
0335,574
2601,573
0510,573
4975,572
5575,572
2265,572
3681,572
5945,571
3273,571
4075,571
0118,568
0662,568
2637,567
0906,566
0326,566
1295,564
5423,563
6067,562
0850,561
5971,560
7863,560
1883,560
2219,559
4243,559
1397,558
1899,558
0596,557
4913,557
4909,557
4307,557
3237,557
0930,557
1081,556
0669,555
0302,554
4303,553
0482,551
0652,551
0468,551
1137,551
1142,547
1128,547
1000,547
1141,547
4297,547
9689,545
2005,544
5799,544
2017,544
8429,544
8491,542
2831,542
0266,542
1097,541
2295,541
1054,540
5059,540
1955,539
3161,538
1148,538
6127,537
9417,537
6075,536
5989,535
2879,534
5959,532
5345,532
0848,531
2243,531
0346,530
1655,529
4207,528
0090,528
5777,528
2807,527
4433,527
3173,526
1945,525
0328,525
1108,525
2173,524
7367,522
1227,522
7705,522
3149,519
4811,519
5949,515
1104,513
2205,513
2217,512
7839,512
5063,511
7359,511
0830,510
5739,509
5519,508
2187,508
0680,507
0454,504
0940,503
0908,501
0740,500
4261,500
5495,499
8405,498
1903,498
6037,498
4493,496
0470,494
2715,491
0704,490
4987,490
2071,488
0484,487
5231,487
4491,486
1187,486
2105,484
1657,483
1135,483
1172,482
0527,481
1166,479
7355,479
4949,478
1171,478
0520,477
5485,476
1799,475
2093,474
4735,474
5991,474
1006,474
0734,473
2019,473
0324,473
4469,473
2823,473
1203,473
1935,472
1693,471
4915,469
0720,467
1705,467
2433,467
3137,467
1943,466
0412,466
0996,465
1150,465
5259,465
1132,464
0356,464
2115,463
0845,462
1617,462
9283,461
7861,461
2167,460
2441,459
7363,457
3203,457
0286,456
0894,451
1771,451
4013,451
0667,451
2777,448
9209,448
0546,448
0442,448
2767,447
0256,447
0538,446
3147,446
0314,445
3139,443
1833,442
0402,441
6243,440
0102,440
5559,440
4557,439
5075,439
0540,438
1873,438
2367,434
1014,432
1629,432
0504,432
0518,432
2805,431
0580,430
2177,429
4369,428
0065,427
1130,425
1813,424
0440,424
0177,423
0480,422
7645,422
4515,422
4135,419
1164,417
0526,415
5311,414
1791,414
0610,412
2287,412
1140,411
1707,410
5935,410
1665,410
6047,409
0198,409
2111,408
0086,407
0316,407
0392,406
5961,405
4849,404
0516,401
1091,397
7577,397
7715,396
2863,396
2113,396
5995,394
2655,393
9935,393
6087,392
0496,390
6027,385
3553,383
0997,383
0500,382
4063,381
0524,380
2797,379
0348,377
1035,376
2011,374
1757,372
2291,370
1079,370
9931,370
0438,369
3245,368
2193,368
2189,365
0528,365
0078,365
0364,361
2587,360
0986,353
0476,353
2099,351
7703,351
0342,346
2541,346
0488,342
0542,341
0502,340
5321,339
1191,339
0472,336
1819,332
2215,331
2447,330
0406,330
0958,327
5979,323
2247,320
1607,320
1064,317
5363,317
2183,315
1125,312
0508,310
2773,309
5947,308
2109,307
4467,307
5315,306
2135,303
3239,301
0536,300
0374,299
9703,299
2171,297
2197,296
7847,291
5999,289
1897,289
2161,289
0456,289
1677,287
0372,287
1969,286
2121,284
0506,282
4883,281
3101,281
2213,280
0378,277
4061,276
1715,274
0512,273
0394,269
0462,268
0673,264
9223,263
1291,263
3229,257
4311,255
0448,255
2069,249
0514,248
0490,248
0444,247
2281,243
1983,241
2007,239
5295,236
0360,228
0396,227
5331,224
0494,213
3199,208
0336,208
1138,206
1136,203
2817,201
2839,195
2153,184
0390,163
0522,162
3121,151
2075,150
1188,111
98,11
GO,10
75070420,6
SP,3
077,3
,2
PE,2
81,1
92415000,1
MG,1
